{"_runtime": 2543, "train/loss": 0.11239799857139587, "epoch_time": 142.139404296875, "val/mIoU": 0.6741727590560913, "val/hd95": 167.82962072783948, "_timestamp": 1769074465.4494276, "epoch": 14, "val/loss": 0.7137715220451355, "train/mIoU": 0.7380204796791077, "val/bIoU": 0.28989359736442566, "val/ece": 0.03520345315337181, "_step": 13, "lr": 2.3492378861760375e-06}